{
    "eval_accuracy": 0.9726354453627181,
    "eval_f1": 0.957765626047942,
    "eval_label": 0.9726354453627181,
    "eval_loss": 0.1738903522491455,
    "eval_precision": 0.965993400443008,
    "eval_recall": 0.9518906341728933,
    "eval_recall_\u5316\u5b66": 0.9928263988522238,
    "eval_recall_\u5386\u53f2": 0.8178438661710037,
    "eval_recall_\u5730\u7406": 0.95,
    "eval_recall_\u653f\u6cbb": 0.8512658227848101,
    "eval_recall_\u6570\u5b66": 0.9956043956043956,
    "eval_recall_\u7269\u7406": 0.9849710982658959,
    "eval_recall_\u751f\u7269": 0.9818435754189944,
    "eval_recall_\u82f1\u8bed": 1.0,
    "eval_recall_\u8bed\u6587": 0.9926605504587156,
    "eval_runtime": 17.8965,
    "eval_samples_per_second": 304.25,
    "eval_steps_per_second": 2.403
}