{
    "eval_accuracy": 0.9737373737373738,
    "eval_f1": 0.9597648251076115,
    "eval_label": 0.9737373737373738,
    "eval_loss": 0.17322418093681335,
    "eval_precision": 0.9657118849187335,
    "eval_recall": 0.9558549425614645,
    "eval_recall_\u5316\u5b66": 0.994261119081779,
    "eval_recall_\u5386\u53f2": 0.8104089219330854,
    "eval_recall_\u5730\u7406": 0.9625,
    "eval_recall_\u653f\u6cbb": 0.8892405063291139,
    "eval_recall_\u6570\u5b66": 0.9941391941391942,
    "eval_recall_\u7269\u7406": 0.9734104046242774,
    "eval_recall_\u751f\u7269": 0.9902234636871509,
    "eval_recall_\u82f1\u8bed": 0.9976851851851852,
    "eval_recall_\u8bed\u6587": 0.9908256880733946,
    "eval_runtime": 18.205,
    "eval_samples_per_second": 299.094,
    "eval_steps_per_second": 2.362
}